State,State Code,Year,Population,Deaths
Alabama,1,1999,4430141,6
Alabama,1,2000,4447100,6
Alabama,1,2001,4467634,6
Alabama,1,2002,4480089,10
Alabama,1,2003,4503491,6
Alabama,1,2004,4530729,6
Alabama,1,2005,4569805,6
Alabama,1,2006,4628981,6
Alabama,1,2007,4672840,13
Alabama,1,2008,4718206,6
Alabama,1,2009,4757938,23
Alabama,1,2010,4779736,6
Alabama,1,2011,4802740,15
Alabama,1,2012,4822023,32
Alabama,1,2013,4833722,24
Alabama,1,2014,4849377,25
Alabama,1,2015,4858979,15
Alaska,2,1999,624779,-1
Alaska,2,2000,626932,-1
Alaska,2,2001,633714,-1
Alaska,2,2002,642337,-1
Alaska,2,2003,648414,-1
Alaska,2,2004,659286,-1
Alaska,2,2005,666946,-1
Alaska,2,2006,675302,-1
Alaska,2,2007,680300,-1
Alaska,2,2008,687455,-1
Alaska,2,2009,698895,-1
Alaska,2,2010,710231,-1
Alaska,2,2011,722718,-1
Alaska,2,2012,731449,-1
Alaska,2,2013,735132,-1
Alaska,2,2014,736732,-1
Alaska,2,2015,738432,-1
Arizona,4,1999,5023823,11
Arizona,4,2000,5130632,4.733333333
Arizona,4,2001,5273477,4.733333333
Arizona,4,2002,5396255,4.733333333
Arizona,4,2003,5510364,4.733333333
Arizona,4,2004,5652404,4.733333333
Arizona,4,2005,5839077,4.733333333
Arizona,4,2006,6029141,11
Arizona,4,2007,6167681,4.733333333
Arizona,4,2008,6280362,4.733333333
Arizona,4,2009,6343154,4.733333333
Arizona,4,2010,6392017,4.733333333
Arizona,4,2011,6482505,4.733333333
Arizona,4,2012,6553255,4.733333333
Arizona,4,2013,6626624,4.733333333
Arizona,4,2014,6731484,4.733333333
Arizona,4,2015,6828065,4.733333333
Arkansas,5,1999,2651860,-1
Arkansas,5,2000,2673400,-1
Arkansas,5,2001,2691571,-1
Arkansas,5,2002,2705927,-1
Arkansas,5,2003,2724816,-1
Arkansas,5,2004,2749686,-1
Arkansas,5,2005,2781097,-1
Arkansas,5,2006,2821761,-1
Arkansas,5,2007,2848650,-1
Arkansas,5,2008,2874554,-1
Arkansas,5,2009,2896843,-1
Arkansas,5,2010,2915918,-1
Arkansas,5,2011,2937979,-1
Arkansas,5,2012,2949131,-1
Arkansas,5,2013,2959373,-1
Arkansas,5,2014,2966369,-1
Arkansas,5,2015,2978204,-1
California,6,1999,33499204,64
California,6,2000,33871648,30
California,6,2001,34479458,28
California,6,2002,34871843,42
California,6,2003,35253159,48
California,6,2004,35574576,58
California,6,2005,35827943,84
California,6,2006,36021202,75
California,6,2007,36250311,33
California,6,2008,36604337,19
California,6,2009,36961229,34
California,6,2010,37253956,21
California,6,2011,37691912,20
California,6,2012,38041430,39
California,6,2013,38332521,32
California,6,2014,38802500,29
California,6,2015,39144818,45
Colorado,8,1999,4226018,1.705882353
Colorado,8,2000,4301261,1.705882353
Colorado,8,2001,4425687,1.705882353
Colorado,8,2002,4490406,1.705882353
Colorado,8,2003,4528732,1.705882353
Colorado,8,2004,4575013,1.705882353
Colorado,8,2005,4631888,1.705882353
Colorado,8,2006,4720423,1.705882353
Colorado,8,2007,4803868,1.705882353
Colorado,8,2008,4889730,1.705882353
Colorado,8,2009,4972195,1.705882353
Colorado,8,2010,5029196,1.705882353
Colorado,8,2011,5116796,1.705882353
Colorado,8,2012,5187582,1.705882353
Colorado,8,2013,5268367,1.705882353
Colorado,8,2014,5355866,1.705882353
Colorado,8,2015,5456574,1.705882353
Connecticut,9,1999,3386401,2.4375
Connecticut,9,2000,3405565,2.4375
Connecticut,9,2001,3432835,2.4375
Connecticut,9,2002,3458749,2.4375
Connecticut,9,2003,3484336,2.4375
Connecticut,9,2004,3496094,2.4375
Connecticut,9,2005,3506956,2.4375
Connecticut,9,2006,3517460,12
Connecticut,9,2007,3527270,2.4375
Connecticut,9,2008,3545579,2.4375
Connecticut,9,2009,3561807,2.4375
Connecticut,9,2010,3574097,2.4375
Connecticut,9,2011,3580709,2.4375
Connecticut,9,2012,3590347,2.4375
Connecticut,9,2013,3596080,2.4375
Connecticut,9,2014,3596677,2.4375
Connecticut,9,2015,3590886,2.4375
Delaware,10,1999,774990,2.4
Delaware,10,2000,783600,2.4
Delaware,10,2001,795699,2.4
Delaware,10,2002,806169,2.4
Delaware,10,2003,818003,2.4
Delaware,10,2004,830803,10
Delaware,10,2005,845150,2.4
Delaware,10,2006,859268,2.4
Delaware,10,2007,871749,2.4
Delaware,10,2008,883874,2.4
Delaware,10,2009,891730,2.4
Delaware,10,2010,897934,2.4
Delaware,10,2011,907135,2.4
Delaware,10,2012,917092,2.4
Delaware,10,2013,925749,2.4
Delaware,10,2014,935614,12
Delaware,10,2015,945934,2.4
District of Columbia,11,1999,570213,-1
District of Columbia,11,2000,572059,-1
District of Columbia,11,2001,574504,-1
District of Columbia,11,2002,573158,-1
District of Columbia,11,2003,568502,-1
District of Columbia,11,2004,567754,-1
District of Columbia,11,2005,567136,-1
District of Columbia,11,2006,570681,-1
District of Columbia,11,2007,574404,-1
District of Columbia,11,2008,580236,-1
District of Columbia,11,2009,592228,-1
District of Columbia,11,2010,601723,-1
District of Columbia,11,2011,617996,-1
District of Columbia,11,2012,632323,-1
District of Columbia,11,2013,646449,-1
District of Columbia,11,2014,658893,-1
District of Columbia,11,2015,672228,-1
Florida,12,1999,15759421,5.8
Florida,12,2000,15982378,5.8
Florida,12,2001,16356966,5.8
Florida,12,2002,16689370,11
Florida,12,2003,17004085,10
Florida,12,2004,17415318,19
Florida,12,2005,17842038,16
Florida,12,2006,18166990,34
Florida,12,2007,18367842,5.8
Florida,12,2008,18527305,5.8
Florida,12,2009,18652644,5.8
Florida,12,2010,18801310,5.8
Florida,12,2011,19057542,12
Florida,12,2012,19317568,5.8
Florida,12,2013,19552860,15
Florida,12,2014,19893297,5.8
Florida,12,2015,20271272,5.8
Georgia,13,1999,8045965,3.666666667
Georgia,13,2000,8186453,3.666666667
Georgia,13,2001,8377038,3.666666667
Georgia,13,2002,8508256,3.666666667
Georgia,13,2003,8622793,3.666666667
Georgia,13,2004,8769252,3.666666667
Georgia,13,2005,8925922,3.666666667
Georgia,13,2006,9155813,3.666666667
Georgia,13,2007,9349988,3.666666667
Georgia,13,2008,9504843,3.666666667
Georgia,13,2009,9620846,3.666666667
Georgia,13,2010,9687653,3.666666667
Georgia,13,2011,9815210,3.666666667
Georgia,13,2012,9919945,3.666666667
Georgia,13,2013,9992167,10
Georgia,13,2014,10097343,11
Georgia,13,2015,10214860,3.666666667
Hawaii,15,1999,1210300,0.8823529412
Hawaii,15,2000,1211537,0.8823529412
Hawaii,15,2001,1225948,0.8823529412
Hawaii,15,2002,1239613,0.8823529412
Hawaii,15,2003,1251154,0.8823529412
Hawaii,15,2004,1273569,0.8823529412
Hawaii,15,2005,1292729,0.8823529412
Hawaii,15,2006,1309731,0.8823529412
Hawaii,15,2007,1315675,0.8823529412
Hawaii,15,2008,1332213,0.8823529412
Hawaii,15,2009,1346717,0.8823529412
Hawaii,15,2010,1360301,0.8823529412
Hawaii,15,2011,1374810,0.8823529412
Hawaii,15,2012,1392313,0.8823529412
Hawaii,15,2013,1404054,0.8823529412
Hawaii,15,2014,1419561,0.8823529412
Hawaii,15,2015,1431603,0.8823529412
Idaho,16,1999,1275674,-1
Idaho,16,2000,1293953,-1
Idaho,16,2001,1319962,-1
Idaho,16,2002,1340372,-1
Idaho,16,2003,1363380,-1
Idaho,16,2004,1391802,-1
Idaho,16,2005,1428241,-1
Idaho,16,2006,1468669,-1
Idaho,16,2007,1505105,-1
Idaho,16,2008,1534320,-1
Idaho,16,2009,1554439,-1
Idaho,16,2010,1567582,-1
Idaho,16,2011,1584985,-1
Idaho,16,2012,1595728,-1
Idaho,16,2013,1612136,-1
Idaho,16,2014,1634464,-1
Idaho,16,2015,1654930,-1
Illinois,17,1999,12359020,2.882352941
Illinois,17,2000,12419293,2.882352941
Illinois,17,2001,12488445,2.882352941
Illinois,17,2002,12525556,2.882352941
Illinois,17,2003,12556006,2.882352941
Illinois,17,2004,12589773,2.882352941
Illinois,17,2005,12609903,2.882352941
Illinois,17,2006,12643955,2.882352941
Illinois,17,2007,12695866,2.882352941
Illinois,17,2008,12747038,2.882352941
Illinois,17,2009,12796778,2.882352941
Illinois,17,2010,12830632,2.882352941
Illinois,17,2011,12869257,2.882352941
Illinois,17,2012,12875255,2.882352941
Illinois,17,2013,12882135,2.882352941
Illinois,17,2014,12880580,2.882352941
Illinois,17,2015,12859995,2.882352941
Indiana,18,1999,6044969,2.9375
Indiana,18,2000,6080485,2.9375
Indiana,18,2001,6127760,2.9375
Indiana,18,2002,6155967,2.9375
Indiana,18,2003,6196638,2.9375
Indiana,18,2004,6233007,2.9375
Indiana,18,2005,6278616,2.9375
Indiana,18,2006,6332669,2.9375
Indiana,18,2007,6379599,2.9375
Indiana,18,2008,6424806,2.9375
Indiana,18,2009,6459325,2.9375
Indiana,18,2010,6483802,2.9375
Indiana,18,2011,6516922,2.9375
Indiana,18,2012,6537334,2.9375
Indiana,18,2013,6570902,2.9375
Indiana,18,2014,6596855,2.9375
Indiana,18,2015,6619680,11
Iowa,19,1999,2917634,1.058823529
Iowa,19,2000,2926324,1.058823529
Iowa,19,2001,2931997,1.058823529
Iowa,19,2002,2934234,1.058823529
Iowa,19,2003,2941999,1.058823529
Iowa,19,2004,2953635,1.058823529
Iowa,19,2005,2964454,1.058823529
Iowa,19,2006,2982644,1.058823529
Iowa,19,2007,2999212,1.058823529
Iowa,19,2008,3016734,1.058823529
Iowa,19,2009,3032870,1.058823529
Iowa,19,2010,3046355,1.058823529
Iowa,19,2011,3062309,1.058823529
Iowa,19,2012,3074186,1.058823529
Iowa,19,2013,3090416,1.058823529
Iowa,19,2014,3107126,1.058823529
Iowa,19,2015,3123899,1.058823529
Kansas,20,1999,2678338,0.9411764706
Kansas,20,2000,2688418,0.9411764706
Kansas,20,2001,2702162,0.9411764706
Kansas,20,2002,2713535,0.9411764706
Kansas,20,2003,2723004,0.9411764706
Kansas,20,2004,2734373,0.9411764706
Kansas,20,2005,2745299,0.9411764706
Kansas,20,2006,2762931,0.9411764706
Kansas,20,2007,2783785,0.9411764706
Kansas,20,2008,2808076,0.9411764706
Kansas,20,2009,2832704,0.9411764706
Kansas,20,2010,2853118,0.9411764706
Kansas,20,2011,2871238,0.9411764706
Kansas,20,2012,2885905,0.9411764706
Kansas,20,2013,2893957,0.9411764706
Kansas,20,2014,2904021,0.9411764706
Kansas,20,2015,2911641,0.9411764706
Kentucky,21,1999,4018053,1.705882353
Kentucky,21,2000,4041769,1.705882353
Kentucky,21,2001,4068132,1.705882353
Kentucky,21,2002,4089875,1.705882353
Kentucky,21,2003,4117170,1.705882353
Kentucky,21,2004,4146101,1.705882353
Kentucky,21,2005,4182742,1.705882353
Kentucky,21,2006,4219239,1.705882353
Kentucky,21,2007,4256672,1.705882353
Kentucky,21,2008,4289878,1.705882353
Kentucky,21,2009,4317074,1.705882353
Kentucky,21,2010,4339367,1.705882353
Kentucky,21,2011,4369356,1.705882353
Kentucky,21,2012,4380415,1.705882353
Kentucky,21,2013,4395295,1.705882353
Kentucky,21,2014,4413457,1.705882353
Kentucky,21,2015,4425092,1.705882353
Louisiana,22,1999,4460811,2.375
Louisiana,22,2000,4468976,2.375
Louisiana,22,2001,4477875,2.375
Louisiana,22,2002,4497267,2.375
Louisiana,22,2003,4521042,2.375
Louisiana,22,2004,4552238,2.375
Louisiana,22,2005,4576628,14
Louisiana,22,2006,4302665,2.375
Louisiana,22,2007,4375581,2.375
Louisiana,22,2008,4435586,2.375
Louisiana,22,2009,4491648,2.375
Louisiana,22,2010,4533372,2.375
Louisiana,22,2011,4574836,2.375
Louisiana,22,2012,4601893,2.375
Louisiana,22,2013,4625470,2.375
Louisiana,22,2014,4649676,2.375
Louisiana,22,2015,4670724,2.375
Maine,23,1999,1266808,-1
Maine,23,2000,1274923,-1
Maine,23,2001,1285692,-1
Maine,23,2002,1295960,-1
Maine,23,2003,1306513,-1
Maine,23,2004,1313688,-1
Maine,23,2005,1318787,-1
Maine,23,2006,1323619,-1
Maine,23,2007,1327040,-1
Maine,23,2008,1330509,-1
Maine,23,2009,1329590,-1
Maine,23,2010,1328361,-1
Maine,23,2011,1328188,-1
Maine,23,2012,1329192,-1
Maine,23,2013,1328302,-1
Maine,23,2014,1330089,-1
Maine,23,2015,1329328,-1
Maryland,24,1999,5254509,2.235294118
Maryland,24,2000,5296486,2.235294118
Maryland,24,2001,5374691,2.235294118
Maryland,24,2002,5440389,2.235294118
Maryland,24,2003,5496269,2.235294118
Maryland,24,2004,5546935,2.235294118
Maryland,24,2005,5592379,2.235294118
Maryland,24,2006,5627367,2.235294118
Maryland,24,2007,5653408,2.235294118
Maryland,24,2008,5684965,2.235294118
Maryland,24,2009,5730388,2.235294118
Maryland,24,2010,5773552,2.235294118
Maryland,24,2011,5828289,2.235294118
Maryland,24,2012,5884563,2.235294118
Maryland,24,2013,5928814,2.235294118
Maryland,24,2014,5976407,2.235294118
Maryland,24,2015,6006401,2.235294118
Massachusetts,25,1999,6317345,3.5
Massachusetts,25,2000,6349097,3.5
Massachusetts,25,2001,6397634,3.5
Massachusetts,25,2002,6417206,3.5
Massachusetts,25,2003,6422565,3.5
Massachusetts,25,2004,6412281,3.5
Massachusetts,25,2005,6403290,3.5
Massachusetts,25,2006,6410084,3.5
Massachusetts,25,2007,6431559,3.5
Massachusetts,25,2008,6468967,3.5
Massachusetts,25,2009,6517613,20
Massachusetts,25,2010,6547629,14
Massachusetts,25,2011,6587536,20
Massachusetts,25,2012,6646144,25
Massachusetts,25,2013,6692824,17
Massachusetts,25,2014,6745408,11
Massachusetts,25,2015,6794422,19
Michigan,26,1999,9897116,14
Michigan,26,2000,9938444,31
Michigan,26,2001,9991120,38
Michigan,26,2002,10015710,44
Michigan,26,2003,10041152,44
Michigan,26,2004,10055315,70
Michigan,26,2005,10051137,52
Michigan,26,2006,10036081,46
Michigan,26,2007,10001284,31
Michigan,26,2008,9946889,40
Michigan,26,2009,9901591,65
Michigan,26,2010,9883640,74
Michigan,26,2011,9876187,30
Michigan,26,2012,9883360,40
Michigan,26,2013,9895622,22
Michigan,26,2014,9909877,16
Michigan,26,2015,9922576,17
Minnesota,27,1999,4873481,2.058823529
Minnesota,27,2000,4919479,2.058823529
Minnesota,27,2001,4982796,2.058823529
Minnesota,27,2002,5018935,2.058823529
Minnesota,27,2003,5053572,2.058823529
Minnesota,27,2004,5087713,2.058823529
Minnesota,27,2005,5119598,2.058823529
Minnesota,27,2006,5163555,2.058823529
Minnesota,27,2007,5207203,2.058823529
Minnesota,27,2008,5247018,2.058823529
Minnesota,27,2009,5281203,2.058823529
Minnesota,27,2010,5303925,2.058823529
Minnesota,27,2011,5344861,2.058823529
Minnesota,27,2012,5379139,2.058823529
Minnesota,27,2013,5420380,2.058823529
Minnesota,27,2014,5457173,2.058823529
Minnesota,27,2015,5489594,2.058823529
Mississippi,28,1999,2828408,0.6470588235
Mississippi,28,2000,2844658,0.6470588235
Mississippi,28,2001,2852994,0.6470588235
Mississippi,28,2002,2858681,0.6470588235
Mississippi,28,2003,2868312,0.6470588235
Mississippi,28,2004,2889010,0.6470588235
Mississippi,28,2005,2905943,0.6470588235
Mississippi,28,2006,2904978,0.6470588235
Mississippi,28,2007,2928350,0.6470588235
Mississippi,28,2008,2947806,0.6470588235
Mississippi,28,2009,2958774,0.6470588235
Mississippi,28,2010,2967297,0.6470588235
Mississippi,28,2011,2978512,0.6470588235
Mississippi,28,2012,2984926,0.6470588235
Mississippi,28,2013,2991207,0.6470588235
Mississippi,28,2014,2994079,0.6470588235
Mississippi,28,2015,2992333,0.6470588235
Missouri,29,1999,5561948,1.823529412
Missouri,29,2000,5595211,1.823529412
Missouri,29,2001,5641142,1.823529412
Missouri,29,2002,5674825,1.823529412
Missouri,29,2003,5709403,1.823529412
Missouri,29,2004,5747741,1.823529412
Missouri,29,2005,5790300,1.823529412
Missouri,29,2006,5842704,1.823529412
Missouri,29,2007,5887612,1.823529412
Missouri,29,2008,5923916,1.823529412
Missouri,29,2009,5961088,1.823529412
Missouri,29,2010,5988927,1.823529412
Missouri,29,2011,6010688,1.823529412
Missouri,29,2012,6021988,1.823529412
Missouri,29,2013,6044171,1.823529412
Missouri,29,2014,6063589,1.823529412
Missouri,29,2015,6083672,1.823529412
Montana,30,1999,897507,-1
Montana,30,2000,902195,-1
Montana,30,2001,906961,-1
Montana,30,2002,911667,-1
Montana,30,2003,919630,-1
Montana,30,2004,930009,-1
Montana,30,2005,940102,-1
Montana,30,2006,952692,-1
Montana,30,2007,964706,-1
Montana,30,2008,976415,-1
Montana,30,2009,983982,-1
Montana,30,2010,989415,-1
Montana,30,2011,998199,-1
Montana,30,2012,1005141,-1
Montana,30,2013,1015165,-1
Montana,30,2014,1023579,-1
Montana,30,2015,1032949,-1
Nebraska,31,1999,1704764,-1
Nebraska,31,2000,1711263,-1
Nebraska,31,2001,1719836,-1
Nebraska,31,2002,1728292,-1
Nebraska,31,2003,1738643,-1
Nebraska,31,2004,1749370,-1
Nebraska,31,2005,1761497,-1
Nebraska,31,2006,1772693,-1
Nebraska,31,2007,1783440,-1
Nebraska,31,2008,1796378,-1
Nebraska,31,2009,1812683,-1
Nebraska,31,2010,1826341,-1
Nebraska,31,2011,1842641,-1
Nebraska,31,2012,1855525,-1
Nebraska,31,2013,1868516,-1
Nebraska,31,2014,1881503,-1
Nebraska,31,2015,1896190,-1
Nevada,32,1999,1934718,1.058823529
Nevada,32,2000,1998257,1.058823529
Nevada,32,2001,2098399,1.058823529
Nevada,32,2002,2173791,1.058823529
Nevada,32,2003,2248850,1.058823529
Nevada,32,2004,2346222,1.058823529
Nevada,32,2005,2432143,1.058823529
Nevada,32,2006,2522658,1.058823529
Nevada,32,2007,2601072,1.058823529
Nevada,32,2008,2653630,1.058823529
Nevada,32,2009,2684665,1.058823529
Nevada,32,2010,2700551,1.058823529
Nevada,32,2011,2723322,1.058823529
Nevada,32,2012,2758931,1.058823529
Nevada,32,2013,2790136,1.058823529
Nevada,32,2014,2839099,1.058823529
Nevada,32,2015,2890845,1.058823529
New Hampshire,33,1999,1222014,-1
New Hampshire,33,2000,1235786,-1
New Hampshire,33,2001,1255517,-1
New Hampshire,33,2002,1269089,-1
New Hampshire,33,2003,1279840,-1
New Hampshire,33,2004,1290121,-1
New Hampshire,33,2005,1298492,-1
New Hampshire,33,2006,1308389,-1
New Hampshire,33,2007,1312540,-1
New Hampshire,33,2008,1315906,-1
New Hampshire,33,2009,1316102,-1
New Hampshire,33,2010,1316470,-1
New Hampshire,33,2011,1318194,-1
New Hampshire,33,2012,1320718,-1
New Hampshire,33,2013,1323459,-1
New Hampshire,33,2014,1326813,-1
New Hampshire,33,2015,1330608,-1
New Jersey,34,1999,8359592,67
New Jersey,34,2000,8414350,57
New Jersey,34,2001,8492671,25
New Jersey,34,2002,8552643,16
New Jersey,34,2003,8601402,23
New Jersey,34,2004,8634561,10
New Jersey,34,2005,8651974,14
New Jersey,34,2006,8661679,4.777777778
New Jersey,34,2007,8677885,4.777777778
New Jersey,34,2008,8711090,4.777777778
New Jersey,34,2009,8755602,4.777777778
New Jersey,34,2010,8791894,4.777777778
New Jersey,34,2011,8821155,11
New Jersey,34,2012,8864590,4.777777778
New Jersey,34,2013,8899339,4.777777778
New Jersey,34,2014,8938175,4.777777778
New Jersey,34,2015,8958013,4.777777778
New Mexico,35,1999,1808082,1.176470588
New Mexico,35,2000,1819046,1.176470588
New Mexico,35,2001,1831690,1.176470588
New Mexico,35,2002,1855309,1.176470588
New Mexico,35,2003,1877574,1.176470588
New Mexico,35,2004,1903808,1.176470588
New Mexico,35,2005,1932274,1.176470588
New Mexico,35,2006,1962137,1.176470588
New Mexico,35,2007,1990070,1.176470588
New Mexico,35,2008,2010662,1.176470588
New Mexico,35,2009,2036802,1.176470588
New Mexico,35,2010,2059179,1.176470588
New Mexico,35,2011,2082224,1.176470588
New Mexico,35,2012,2085538,1.176470588
New Mexico,35,2013,2085287,1.176470588
New Mexico,35,2014,2085572,1.176470588
New Mexico,35,2015,2085109,1.176470588
New York,36,1999,18882725,7.25
New York,36,2000,18976457,11
New York,36,2001,19082838,12
New York,36,2002,19137800,26
New York,36,2003,19175939,7.25
New York,36,2004,19171567,10
New York,36,2005,19132610,10
New York,36,2006,19104631,13
New York,36,2007,19132335,7.25
New York,36,2008,19212436,7.25
New York,36,2009,19307066,20
New York,36,2010,19378102,17
New York,36,2011,19465197,13
New York,36,2012,19570261,13
New York,36,2013,19651127,21
New York,36,2014,19746227,29
New York,36,2015,19795791,34
North Carolina,37,1999,7949361,1.529411765
North Carolina,37,2000,8049313,1.529411765
North Carolina,37,2001,8210122,1.529411765
North Carolina,37,2002,8326201,1.529411765
North Carolina,37,2003,8422501,1.529411765
North Carolina,37,2004,8553152,1.529411765
North Carolina,37,2005,8705407,1.529411765
North Carolina,37,2006,8917270,1.529411765
North Carolina,37,2007,9118037,1.529411765
North Carolina,37,2008,9309449,1.529411765
North Carolina,37,2009,9449566,1.529411765
North Carolina,37,2010,9535483,1.529411765
North Carolina,37,2011,9656401,1.529411765
North Carolina,37,2012,9752073,1.529411765
North Carolina,37,2013,9848060,1.529411765
North Carolina,37,2014,9943964,1.529411765
North Carolina,37,2015,10042802,1.529411765
North Dakota,38,1999,644259,-1
North Dakota,38,2000,642200,-1
North Dakota,38,2001,639062,-1
North Dakota,38,2002,638168,-1
North Dakota,38,2003,638817,-1
North Dakota,38,2004,644705,-1
North Dakota,38,2005,646089,-1
North Dakota,38,2006,649422,-1
North Dakota,38,2007,652822,-1
North Dakota,38,2008,657569,-1
North Dakota,38,2009,664968,-1
North Dakota,38,2010,672591,-1
North Dakota,38,2011,683932,-1
North Dakota,38,2012,699628,-1
North Dakota,38,2013,723393,-1
North Dakota,38,2014,739482,-1
North Dakota,38,2015,756927,-1
Ohio,39,1999,11335454,4.571428571
Ohio,39,2000,11353140,4.571428571
Ohio,39,2001,11387404,4.571428571
Ohio,39,2002,11407889,4.571428571
Ohio,39,2003,11434788,4.571428571
Ohio,39,2004,11452251,17
Ohio,39,2005,11463320,22
Ohio,39,2006,11481213,4.571428571
Ohio,39,2007,11500468,4.571428571
Ohio,39,2008,11515391,12
Ohio,39,2009,11528896,14
Ohio,39,2010,11536504,17
Ohio,39,2011,11544951,16
Ohio,39,2012,11544225,18
Ohio,39,2013,11570808,29
Ohio,39,2014,11594163,18
Ohio,39,2015,11613423,22
Oklahoma,40,1999,3437147,0.7058823529
Oklahoma,40,2000,3450654,0.7058823529
Oklahoma,40,2001,3467100,0.7058823529
Oklahoma,40,2002,3489080,0.7058823529
Oklahoma,40,2003,3504892,0.7058823529
Oklahoma,40,2004,3525233,0.7058823529
Oklahoma,40,2005,3548597,0.7058823529
Oklahoma,40,2006,3594090,0.7058823529
Oklahoma,40,2007,3634349,0.7058823529
Oklahoma,40,2008,3668976,0.7058823529
Oklahoma,40,2009,3717572,0.7058823529
Oklahoma,40,2010,3751351,0.7058823529
Oklahoma,40,2011,3791508,0.7058823529
Oklahoma,40,2012,3814820,0.7058823529
Oklahoma,40,2013,3850568,0.7058823529
Oklahoma,40,2014,3878051,0.7058823529
Oklahoma,40,2015,3911338,0.7058823529
Oregon,41,1999,3393941,25
Oregon,41,2000,3421399,24
Oregon,41,2001,3467937,18
Oregon,41,2002,3513424,36
Oregon,41,2003,3547376,19
Oregon,41,2004,3569463,37
Oregon,41,2005,3613202,25
Oregon,41,2006,3670883,23
Oregon,41,2007,3722417,5.333333333
Oregon,41,2008,3768748,5.333333333
Oregon,41,2009,3808600,5.333333333
Oregon,41,2010,3831074,5.333333333
Oregon,41,2011,3871859,5.333333333
Oregon,41,2012,3899353,14
Oregon,41,2013,3930065,5.333333333
Oregon,41,2014,3970239,14
Oregon,41,2015,4028977,14
Pennsylvania,42,1999,12263805,5.25
Pennsylvania,42,2000,12281054,5.25
Pennsylvania,42,2001,12298970,5.25
Pennsylvania,42,2002,12331031,5.25
Pennsylvania,42,2003,12374658,5.25
Pennsylvania,42,2004,12410722,5.25
Pennsylvania,42,2005,12449990,5.25
Pennsylvania,42,2006,12510809,5.25
Pennsylvania,42,2007,12563937,5.25
Pennsylvania,42,2008,12612285,5.25
Pennsylvania,42,2009,12666858,5.25
Pennsylvania,42,2010,12702379,5.25
Pennsylvania,42,2011,12742886,5.25
Pennsylvania,42,2012,12763536,5.25
Pennsylvania,42,2013,12773801,5.25
Pennsylvania,42,2014,12787209,5.25
Pennsylvania,42,2015,12802503,25
Rhode Island,44,1999,1040402,0.7058823529
Rhode Island,44,2000,1048319,0.7058823529
Rhode Island,44,2001,1057142,0.7058823529
Rhode Island,44,2002,1065995,0.7058823529
Rhode Island,44,2003,1071342,0.7058823529
Rhode Island,44,2004,1074579,0.7058823529
Rhode Island,44,2005,1067916,0.7058823529
Rhode Island,44,2006,1063096,0.7058823529
Rhode Island,44,2007,1057315,0.7058823529
Rhode Island,44,2008,1055003,0.7058823529
Rhode Island,44,2009,1053646,0.7058823529
Rhode Island,44,2010,1052567,0.7058823529
Rhode Island,44,2011,1051302,0.7058823529
Rhode Island,44,2012,1050292,0.7058823529
Rhode Island,44,2013,1051511,0.7058823529
Rhode Island,44,2014,1055173,0.7058823529
Rhode Island,44,2015,1056298,0.7058823529
South Carolina,45,1999,3974682,1.117647059
South Carolina,45,2000,4012012,1.117647059
South Carolina,45,2001,4064995,1.117647059
South Carolina,45,2002,4107795,1.117647059
South Carolina,45,2003,4150297,1.117647059
South Carolina,45,2004,4210921,1.117647059
South Carolina,45,2005,4270150,1.117647059
South Carolina,45,2006,4357847,1.117647059
South Carolina,45,2007,4444110,1.117647059
South Carolina,45,2008,4528996,1.117647059
South Carolina,45,2009,4589872,1.117647059
South Carolina,45,2010,4625364,1.117647059
South Carolina,45,2011,4679230,1.117647059
South Carolina,45,2012,4723723,1.117647059
South Carolina,45,2013,4774839,1.117647059
South Carolina,45,2014,4832482,1.117647059
South Carolina,45,2015,4896146,1.117647059
South Dakota,46,1999,750412,-1
South Dakota,46,2000,754844,-1
South Dakota,46,2001,757972,-1
South Dakota,46,2002,760020,-1
South Dakota,46,2003,763729,-1
South Dakota,46,2004,770396,-1
South Dakota,46,2005,775493,-1
South Dakota,46,2006,783033,-1
South Dakota,46,2007,791623,-1
South Dakota,46,2008,799124,-1
South Dakota,46,2009,807067,-1
South Dakota,46,2010,814180,-1
South Dakota,46,2011,824082,-1
South Dakota,46,2012,833354,-1
South Dakota,46,2013,844877,-1
South Dakota,46,2014,853175,-1
South Dakota,46,2015,858469,-1
Tennessee,47,1999,5638706,1.625
Tennessee,47,2000,5689283,1.625
Tennessee,47,2001,5750789,1.625
Tennessee,47,2002,5795918,1.625
Tennessee,47,2003,5847812,1.625
Tennessee,47,2004,5910809,1.625
Tennessee,47,2005,5991057,1.625
Tennessee,47,2006,6088766,1.625
Tennessee,47,2007,6175727,1.625
Tennessee,47,2008,6247411,1.625
Tennessee,47,2009,6306019,1.625
Tennessee,47,2010,6346105,1.625
Tennessee,47,2011,6403353,1.625
Tennessee,47,2012,6456243,1.625
Tennessee,47,2013,6495978,1.625
Tennessee,47,2014,6549352,1.625
Tennessee,47,2015,6600299,11
Texas,48,1999,20558220,19
Texas,48,2000,20851820,15
Texas,48,2001,21319622,19
Texas,48,2002,21690325,21
Texas,48,2003,22030931,14
Texas,48,2004,22394023,18
Texas,48,2005,22778123,12
Texas,48,2006,23359580,18
Texas,48,2007,23831983,4.714285714
Texas,48,2008,24309039,4.714285714
Texas,48,2009,24801761,4.714285714
Texas,48,2010,25145561,4.714285714
Texas,48,2011,25674681,4.714285714
Texas,48,2012,26059203,4.714285714
Texas,48,2013,26448193,14
Texas,48,2014,26956958,4.714285714
Texas,48,2015,27469114,15
Utah,49,1999,2203482,1.823529412
Utah,49,2000,2233169,1.823529412
Utah,49,2001,2283715,1.823529412
Utah,49,2002,2324815,1.823529412
Utah,49,2003,2360137,1.823529412
Utah,49,2004,2401580,1.823529412
Utah,49,2005,2457719,1.823529412
Utah,49,2006,2525507,1.823529412
Utah,49,2007,2597746,1.823529412
Utah,49,2008,2663029,1.823529412
Utah,49,2009,2723421,1.823529412
Utah,49,2010,2763885,1.823529412
Utah,49,2011,2817222,1.823529412
Utah,49,2012,2855287,1.823529412
Utah,49,2013,2900872,1.823529412
Utah,49,2014,2942902,1.823529412
Utah,49,2015,2995919,1.823529412
Vermont,50,1999,604683,-1
Vermont,50,2000,608827,-1
Vermont,50,2001,612223,-1
Vermont,50,2002,615442,-1
Vermont,50,2003,617858,-1
Vermont,50,2004,619920,-1
Vermont,50,2005,621215,-1
Vermont,50,2006,622892,-1
Vermont,50,2007,623481,-1
Vermont,50,2008,624151,-1
Vermont,50,2009,624817,-1
Vermont,50,2010,625741,-1
Vermont,50,2011,626431,-1
Vermont,50,2012,626011,-1
Vermont,50,2013,626630,-1
Vermont,50,2014,626562,-1
Vermont,50,2015,626042,-1
Virginia,51,1999,7000174,2.6
Virginia,51,2000,7078515,2.6
Virginia,51,2001,7198362,11
Virginia,51,2002,7286873,2.6
Virginia,51,2003,7366977,2.6
Virginia,51,2004,7475575,2.6
Virginia,51,2005,7577105,11
Virginia,51,2006,7673725,2.6
Virginia,51,2007,7751000,2.6
Virginia,51,2008,7833496,2.6
Virginia,51,2009,7925937,2.6
Virginia,51,2010,8001024,2.6
Virginia,51,2011,8096604,2.6
Virginia,51,2012,8185867,2.6
Virginia,51,2013,8260405,2.6
Virginia,51,2014,8326289,2.6
Virginia,51,2015,8382993,2.6
Washington,53,1999,5842564,6.777777778
Washington,53,2000,5894121,11
Washington,53,2001,5985722,10
Washington,53,2002,6052349,16
Washington,53,2003,6104115,11
Washington,53,2004,6178645,14
Washington,53,2005,6257305,6.777777778
Washington,53,2006,6370753,6.777777778
Washington,53,2007,6461587,6.777777778
Washington,53,2008,6562231,6.777777778
Washington,53,2009,6667426,6.777777778
Washington,53,2010,6724540,6.777777778
Washington,53,2011,6830038,6.777777778
Washington,53,2012,6897012,6.777777778
Washington,53,2013,6971406,13
Washington,53,2014,7061530,11
Washington,53,2015,7170351,17
West Virginia,54,1999,1811799,0.6470588235
West Virginia,54,2000,1808344,0.6470588235
West Virginia,54,2001,1801481,0.6470588235
West Virginia,54,2002,1805414,0.6470588235
West Virginia,54,2003,1812295,0.6470588235
West Virginia,54,2004,1816438,0.6470588235
West Virginia,54,2005,1820492,0.6470588235
West Virginia,54,2006,1827912,0.6470588235
West Virginia,54,2007,1834052,0.6470588235
West Virginia,54,2008,1840310,0.6470588235
West Virginia,54,2009,1847775,0.6470588235
West Virginia,54,2010,1852994,0.6470588235
West Virginia,54,2011,1855364,0.6470588235
West Virginia,54,2012,1855413,0.6470588235
West Virginia,54,2013,1854304,0.6470588235
West Virginia,54,2014,1850326,0.6470588235
West Virginia,54,2015,1844128,0.6470588235
Wisconsin,55,1999,5332666,2.117647059
Wisconsin,55,2000,5363675,2.117647059
Wisconsin,55,2001,5406835,2.117647059
Wisconsin,55,2002,5445162,2.117647059
Wisconsin,55,2003,5479203,2.117647059
Wisconsin,55,2004,5514026,2.117647059
Wisconsin,55,2005,5546166,2.117647059
Wisconsin,55,2006,5577655,2.117647059
Wisconsin,55,2007,5610775,2.117647059
Wisconsin,55,2008,5640996,2.117647059
Wisconsin,55,2009,5669264,2.117647059
Wisconsin,55,2010,5686986,2.117647059
Wisconsin,55,2011,5711767,2.117647059
Wisconsin,55,2012,5726398,2.117647059
Wisconsin,55,2013,5742713,2.117647059
Wisconsin,55,2014,5757564,2.117647059
Wisconsin,55,2015,5771337,2.117647059
Wyoming,56,1999,491780,-1
Wyoming,56,2000,493782,-1
Wyoming,56,2001,494657,-1
Wyoming,56,2002,500017,-1
Wyoming,56,2003,503453,-1
Wyoming,56,2004,509106,-1
Wyoming,56,2005,514157,-1
Wyoming,56,2006,522667,-1
Wyoming,56,2007,534876,-1
Wyoming,56,2008,546043,-1
Wyoming,56,2009,559851,-1
Wyoming,56,2010,563626,-1
Wyoming,56,2011,568158,-1
Wyoming,56,2012,576412,-1
Wyoming,56,2013,582658,-1
Wyoming,56,2014,584153,-1
Wyoming,56,2015,586107,-1